{"cameraMode":{"drawMode":0,"name":"Shaded","section":"Shading Mode"},"sceneLighting":false,"audioPlay":false,"sceneViewState":{"showFog":true,"showMaterialUpdate":false,"showSkybox":false,"showFlares":true,"showImageEffects":true,"showParticleSystems":true},"in2DMode":false,"pivot":{"x":-407.37335205078127,"y":93.3709716796875,"z":573.1793823242188},"rotation":{"x":-0.16833482682704926,"y":0.6827268004417419,"z":-0.16619659960269929,"w":-0.6913679838180542},"size":193.6394805908203,"orthographic":false}