{"cameraMode":{"drawMode":0,"name":"Shaded","section":"Shading Mode"},"sceneLighting":true,"audioPlay":false,"sceneViewState":{"showFog":true,"showMaterialUpdate":false,"showSkybox":true,"showFlares":true,"showImageEffects":true,"showParticleSystems":true},"in2DMode":false,"pivot":{"x":-608.8839721679688,"y":54.48379898071289,"z":86.60113525390625},"rotation":{"x":-0.12129250168800354,"y":-0.17794911563396455,"z":0.022155335173010827,"w":-0.9763265252113342},"size":19.865976333618165,"orthographic":false}